[{"model": "mooringlicensing.feeseason", "pk": 7, "fields": {"application_type": 4, "name": "2022 - 2023"}}, {"model": "mooringlicensing.feeseason", "pk": 8, "fields": {"application_type": 2, "name": "2022 - 2023"}}, {"model": "mooringlicensing.feeseason", "pk": 9, "fields": {"application_type": 3, "name": "2022 - 2023"}}, {"model": "mooringlicensing.feeseason", "pk": 10, "fields": {"application_type": 1, "name": "2022 - 2023"}}, {"model": "mooringlicensing.feeseason", "pk": 11, "fields": {"application_type": 6, "name": "2022 -2023"}}, {"model": "mooringlicensing.feeseason", "pk": 12, "fields": {"application_type": 5, "name": "2022 - 2023"}}, {"model": "mooringlicensing.feeseason", "pk": 44, "fields": {"application_type": 4, "name": "2023 - 2024"}}, {"model": "mooringlicensing.feeseason", "pk": 45, "fields": {"application_type": 2, "name": "2023 - 2024"}}, {"model": "mooringlicensing.feeseason", "pk": 46, "fields": {"application_type": 3, "name": "2023 - 2024"}}, {"model": "mooringlicensing.feeseason", "pk": 47, "fields": {"application_type": 1, "name": "2023 - 2024"}}, {"model": "mooringlicensing.feeseason", "pk": 48, "fields": {"application_type": 6, "name": "2023 - 2024"}}, {"model": "mooringlicensing.feeseason", "pk": 49, "fields": {"application_type": 5, "name": "2023 - 2024"}}, {"model": "mooringlicensing.feeseason", "pk": 50, "fields": {"application_type": 1, "name": "2024 - 2025"}}, {"model": "mooringlicensing.feeseason", "pk": 51, "fields": {"application_type": 2, "name": "2024 - 2025"}}, {"model": "mooringlicensing.feeseason", "pk": 52, "fields": {"application_type": 3, "name": "2024 - 2025"}}, {"model": "mooringlicensing.feeseason", "pk": 53, "fields": {"application_type": 4, "name": "2024 - 2025"}}, {"model": "mooringlicensing.feeseason", "pk": 54, "fields": {"application_type": 5, "name": "2024 - 2025"}}, {"model": "mooringlicensing.feeseason", "pk": 55, "fields": {"application_type": 6, "name": "2024 - 2025"}}, {"model": "mooringlicensing.vesselsizecategorygroup", "pk": 13, "fields": {"name": "Waitlist"}}, {"model": "mooringlicensing.vesselsizecategorygroup", "pk": 14, "fields": {"name": "Annual Admission Valid from 2022"}}, {"model": "mooringlicensing.vesselsizecategorygroup", "pk": 15, "fields": {"name": "Authorised User Valid from 2022"}}, {"model": "mooringlicensing.vesselsizecategorygroup", "pk": 17, "fields": {"name": "Mooring Licence Valid from 2022"}}, {"model": "mooringlicensing.vesselsizecategorygroup", "pk": 19, "fields": {"name": "DCV Permit Valid from 2022"}}, {"model": "mooringlicensing.vesselsizecategorygroup", "pk": 20, "fields": {"name": "Sticker Replacement Fee Valid from 2022"}}, {"model": "mooringlicensing.vesselsizecategorygroup", "pk": 21, "fields": {"name": "DCV Admission Valid from 2022"}}, {"model": "mooringlicensing.feeperiod", "pk": 10, "fields": {"fee_season": 7, "name": "Period 1 Full fee", "start_date": "2022-09-01"}}, {"model": "mooringlicensing.feeperiod", "pk": 11, "fields": {"fee_season": 7, "name": "Period 2 50% fee", "start_date": "2023-04-01"}}, {"model": "mooringlicensing.feeperiod", "pk": 12, "fields": {"fee_season": 8, "name": "Period 1 Full fee", "start_date": "2022-09-01"}}, {"model": "mooringlicensing.feeperiod", "pk": 13, "fields": {"fee_season": 8, "name": "Period 2 50% fee", "start_date": "2023-04-01"}}, {"model": "mooringlicensing.feeperiod", "pk": 14, "fields": {"fee_season": 9, "name": "Period 1 Full fee", "start_date": "2022-09-01"}}, {"model": "mooringlicensing.feeperiod", "pk": 15, "fields": {"fee_season": 9, "name": "Period 2 50% fee", "start_date": "2023-04-01"}}, {"model": "mooringlicensing.feeperiod", "pk": 16, "fields": {"fee_season": 10, "name": "Once off application fee", "start_date": "2022-09-01"}}, {"model": "mooringlicensing.feeperiod", "pk": 17, "fields": {"fee_season": 11, "name": "DCV admission fee", "start_date": "2022-09-01"}}, {"model": "mooringlicensing.feeperiod", "pk": 18, "fields": {"fee_season": 12, "name": "DCV permit fee", "start_date": "2022-09-01"}}, {"model": "mooringlicensing.feeperiod", "pk": 51, "fields": {"fee_season": 44, "name": "Period 1 full fee", "start_date": "2023-09-01"}}, {"model": "mooringlicensing.feeperiod", "pk": 52, "fields": {"fee_season": 44, "name": "Period 2 50% fee", "start_date": "2024-04-01"}}, {"model": "mooringlicensing.feeperiod", "pk": 53, "fields": {"fee_season": 45, "name": "Period 1 full fee", "start_date": "2023-09-01"}}, {"model": "mooringlicensing.feeperiod", "pk": 54, "fields": {"fee_season": 45, "name": "Period 2 50% fee", "start_date": "2024-04-01"}}, {"model": "mooringlicensing.feeperiod", "pk": 55, "fields": {"fee_season": 46, "name": "Period 1 full fee", "start_date": "2023-09-01"}}, {"model": "mooringlicensing.feeperiod", "pk": 56, "fields": {"fee_season": 46, "name": "Period 2 50% fee", "start_date": "2024-04-01"}}, {"model": "mooringlicensing.feeperiod", "pk": 57, "fields": {"fee_season": 47, "name": "Once off application fee", "start_date": "2023-09-01"}}, {"model": "mooringlicensing.feeperiod", "pk": 58, "fields": {"fee_season": 48, "name": "DCV admission fee", "start_date": "2023-09-01"}}, {"model": "mooringlicensing.feeperiod", "pk": 59, "fields": {"fee_season": 49, "name": "DCV permit fee", "start_date": "2023-09-01"}}, {"model": "mooringlicensing.feeperiod", "pk": 60, "fields": {"fee_season": 50, "name": "Once off application fee", "start_date": "2024-09-01"}}, {"model": "mooringlicensing.feeperiod", "pk": 61, "fields": {"fee_season": 51, "name": "Period 1 Full fee", "start_date": "2024-09-01"}}, {"model": "mooringlicensing.feeperiod", "pk": 62, "fields": {"fee_season": 51, "name": "Period 2 50% fee", "start_date": "2025-04-01"}}, {"model": "mooringlicensing.feeperiod", "pk": 63, "fields": {"fee_season": 52, "name": "Period 1 full fee", "start_date": "2024-09-01"}}, {"model": "mooringlicensing.feeperiod", "pk": 64, "fields": {"fee_season": 52, "name": "Period 2 50% fee", "start_date": "2025-04-01"}}, {"model": "mooringlicensing.feeperiod", "pk": 65, "fields": {"fee_season": 53, "name": "Period 1 full fee", "start_date": "2024-09-01"}}, {"model": "mooringlicensing.feeperiod", "pk": 66, "fields": {"fee_season": 53, "name": "Period 2 50% fee", "start_date": "2025-04-01"}}, {"model": "mooringlicensing.feeperiod", "pk": 67, "fields": {"fee_season": 54, "name": "DCV permit fee", "start_date": "2024-09-01"}}, {"model": "mooringlicensing.feeperiod", "pk": 68, "fields": {"fee_season": 55, "name": "DCV Admission fee", "start_date": "2024-09-01"}}, {"model": "mooringlicensing.vesselsizecategory", "pk": 25, "fields": {"name": "Vessel Length >6.40", "start_size": "6.40", "include_start_size": true, "vessel_size_category_group": 13, "null_vessel": false}}, {"model": "mooringlicensing.vesselsizecategory", "pk": 26, "fields": {"name": "No Vessel", "start_size": "0.00", "include_start_size": true, "vessel_size_category_group": 13, "null_vessel": true}}, {"model": "mooringlicensing.vesselsizecategory", "pk": 27, "fields": {"name": "Vessel >=3.76 - <=8.0", "start_size": "3.76", "include_start_size": true, "vessel_size_category_group": 14, "null_vessel": false}}, {"model": "mooringlicensing.vesselsizecategory", "pk": 28, "fields": {"name": "Vessel >8.0 - <10.0", "start_size": "8.00", "include_start_size": false, "vessel_size_category_group": 14, "null_vessel": false}}, {"model": "mooringlicensing.vesselsizecategory", "pk": 29, "fields": {"name": "Vessel >=10.0 - <15.0", "start_size": "10.00", "include_start_size": true, "vessel_size_category_group": 14, "null_vessel": false}}, {"model": "mooringlicensing.vesselsizecategory", "pk": 30, "fields": {"name": "Vessel >=15.0", "start_size": "15.00", "include_start_size": true, "vessel_size_category_group": 14, "null_vessel": false}}, {"model": "mooringlicensing.vesselsizecategory", "pk": 31, "fields": {"name": "No Vessel", "start_size": "0.00", "include_start_size": true, "vessel_size_category_group": 15, "null_vessel": true}}, {"model": "mooringlicensing.vesselsizecategory", "pk": 32, "fields": {"name": "Per Meter >=3.76", "start_size": "3.76", "include_start_size": true, "vessel_size_category_group": 15, "null_vessel": false}}, {"model": "mooringlicensing.vesselsizecategory", "pk": 35, "fields": {"name": "No Vessel", "start_size": "0.00", "include_start_size": true, "vessel_size_category_group": 17, "null_vessel": true}}, {"model": "mooringlicensing.vesselsizecategory", "pk": 36, "fields": {"name": "Vessel >=3.76 - <=10.0", "start_size": "3.76", "include_start_size": true, "vessel_size_category_group": 17, "null_vessel": false}}, {"model": "mooringlicensing.vesselsizecategory", "pk": 37, "fields": {"name": "Vessel >10.0", "start_size": "10.00", "include_start_size": false, "vessel_size_category_group": 17, "null_vessel": false}}, {"model": "mooringlicensing.vesselsizecategory", "pk": 39, "fields": {"name": "All Vessels", "start_size": "3.75", "include_start_size": true, "vessel_size_category_group": 19, "null_vessel": false}}, {"model": "mooringlicensing.vesselsizecategory", "pk": 40, "fields": {"name": "All Vessels >=3.75", "start_size": "3.75", "include_start_size": true, "vessel_size_category_group": 21, "null_vessel": false}}, {"model": "mooringlicensing.feeconstructor", "pk": 18, "fields": {"application_type": 1, "fee_season": 10, "vessel_size_category_group": 13, "incur_gst": false, "enabled": true}}, {"model": "mooringlicensing.feeconstructor", "pk": 19, "fields": {"application_type": 2, "fee_season": 8, "vessel_size_category_group": 14, "incur_gst": true, "enabled": true}}, {"model": "mooringlicensing.feeconstructor", "pk": 20, "fields": {"application_type": 3, "fee_season": 9, "vessel_size_category_group": 15, "incur_gst": false, "enabled": true}}, {"model": "mooringlicensing.feeconstructor", "pk": 22, "fields": {"application_type": 4, "fee_season": 7, "vessel_size_category_group": 17, "incur_gst": false, "enabled": true}}, {"model": "mooringlicensing.feeconstructor", "pk": 24, "fields": {"application_type": 5, "fee_season": 12, "vessel_size_category_group": 19, "incur_gst": false, "enabled": true}}, {"model": "mooringlicensing.feeconstructor", "pk": 25, "fields": {"application_type": 6, "fee_season": 11, "vessel_size_category_group": 21, "incur_gst": true, "enabled": true}}, {"model": "mooringlicensing.feeconstructor", "pk": 58, "fields": {"application_type": 1, "fee_season": 47, "vessel_size_category_group": 13, "incur_gst": false, "enabled": true}}, {"model": "mooringlicensing.feeconstructor", "pk": 59, "fields": {"application_type": 2, "fee_season": 45, "vessel_size_category_group": 14, "incur_gst": true, "enabled": true}}, {"model": "mooringlicensing.feeconstructor", "pk": 60, "fields": {"application_type": 3, "fee_season": 46, "vessel_size_category_group": 15, "incur_gst": false, "enabled": true}}, {"model": "mooringlicensing.feeconstructor", "pk": 61, "fields": {"application_type": 4, "fee_season": 44, "vessel_size_category_group": 17, "incur_gst": false, "enabled": true}}, {"model": "mooringlicensing.feeconstructor", "pk": 62, "fields": {"application_type": 5, "fee_season": 49, "vessel_size_category_group": 19, "incur_gst": false, "enabled": true}}, {"model": "mooringlicensing.feeconstructor", "pk": 63, "fields": {"application_type": 6, "fee_season": 48, "vessel_size_category_group": 21, "incur_gst": true, "enabled": true}}, {"model": "mooringlicensing.feeconstructor", "pk": 65, "fields": {"application_type": 1, "fee_season": 50, "vessel_size_category_group": 13, "incur_gst": false, "enabled": true}}, {"model": "mooringlicensing.feeconstructor", "pk": 66, "fields": {"application_type": 2, "fee_season": 51, "vessel_size_category_group": 14, "incur_gst": true, "enabled": true}}, {"model": "mooringlicensing.feeconstructor", "pk": 67, "fields": {"application_type": 3, "fee_season": 52, "vessel_size_category_group": 15, "incur_gst": false, "enabled": true}}, {"model": "mooringlicensing.feeconstructor", "pk": 68, "fields": {"application_type": 4, "fee_season": 53, "vessel_size_category_group": 17, "incur_gst": false, "enabled": true}}, {"model": "mooringlicensing.feeconstructor", "pk": 69, "fields": {"application_type": 5, "fee_season": 54, "vessel_size_category_group": 19, "incur_gst": false, "enabled": true}}, {"model": "mooringlicensing.feeconstructor", "pk": 70, "fields": {"application_type": 6, "fee_season": 55, "vessel_size_category_group": 21, "incur_gst": true, "enabled": true}}, {"model": "mooringlicensing.proposaltype", "pk": 34, "fields": {"code": "swap_moorings", "description": "Swap Moorings"}}, {"model": "mooringlicensing.proposaltype", "pk": 46, "fields": {"code": "new", "description": "New Application"}}, {"model": "mooringlicensing.proposaltype", "pk": 47, "fields": {"code": "amendment", "description": "Amendment"}}, {"model": "mooringlicensing.proposaltype", "pk": 48, "fields": {"code": "renewal", "description": "Renewal"}}, {"model": "mooringlicensing.feeitem", "pk": 161, "fields": {"fee_constructor": 18, "fee_period": 16, "vessel_size_category": 25, "proposal_type": 46, "amount": "60.00", "incremental_amount": false, "age_group": null, "admission_type": null}}, {"model": "mooringlicensing.feeitem", "pk": 162, "fields": {"fee_constructor": 18, "fee_period": 16, "vessel_size_category": 25, "proposal_type": 47, "amount": "60.00", "incremental_amount": false, "age_group": null, "admission_type": null}}, {"model": "mooringlicensing.feeitem", "pk": 163, "fields": {"fee_constructor": 18, "fee_period": 16, "vessel_size_category": 25, "proposal_type": 48, "amount": "60.00", "incremental_amount": false, "age_group": null, "admission_type": null}}, {"model": "mooringlicensing.feeitem", "pk": 164, "fields": {"fee_constructor": 19, "fee_period": 12, "vessel_size_category": 27, "proposal_type": 46, "amount": "276.00", "incremental_amount": false, "age_group": null, "admission_type": null}}, {"model": "mooringlicensing.feeitem", "pk": 165, "fields": {"fee_constructor": 19, "fee_period": 12, "vessel_size_category": 27, "proposal_type": 47, "amount": "276.00", "incremental_amount": false, "age_group": null, "admission_type": null}}, {"model": "mooringlicensing.feeitem", "pk": 166, "fields": {"fee_constructor": 19, "fee_period": 12, "vessel_size_category": 27, "proposal_type": 48, "amount": "276.00", "incremental_amount": false, "age_group": null, "admission_type": null}}, {"model": "mooringlicensing.feeitem", "pk": 167, "fields": {"fee_constructor": 19, "fee_period": 12, "vessel_size_category": 28, "proposal_type": 46, "amount": "315.00", "incremental_amount": false, "age_group": null, "admission_type": null}}, {"model": "mooringlicensing.feeitem", "pk": 168, "fields": {"fee_constructor": 19, "fee_period": 12, "vessel_size_category": 28, "proposal_type": 47, "amount": "315.00", "incremental_amount": false, "age_group": null, "admission_type": null}}, {"model": "mooringlicensing.feeitem", "pk": 169, "fields": {"fee_constructor": 19, "fee_period": 12, "vessel_size_category": 28, "proposal_type": 48, "amount": "315.00", "incremental_amount": false, "age_group": null, "admission_type": null}}, {"model": "mooringlicensing.feeitem", "pk": 170, "fields": {"fee_constructor": 19, "fee_period": 12, "vessel_size_category": 29, "proposal_type": 46, "amount": "379.00", "incremental_amount": false, "age_group": null, "admission_type": null}}, {"model": "mooringlicensing.feeitem", "pk": 171, "fields": {"fee_constructor": 19, "fee_period": 12, "vessel_size_category": 29, "proposal_type": 47, "amount": "379.00", "incremental_amount": false, "age_group": null, "admission_type": null}}, {"model": "mooringlicensing.feeitem", "pk": 172, "fields": {"fee_constructor": 19, "fee_period": 12, "vessel_size_category": 29, "proposal_type": 48, "amount": "379.00", "incremental_amount": false, "age_group": null, "admission_type": null}}, {"model": "mooringlicensing.feeitem", "pk": 173, "fields": {"fee_constructor": 19, "fee_period": 12, "vessel_size_category": 30, "proposal_type": 46, "amount": "630.00", "incremental_amount": false, "age_group": null, "admission_type": null}}, {"model": "mooringlicensing.feeitem", "pk": 174, "fields": {"fee_constructor": 19, "fee_period": 12, "vessel_size_category": 30, "proposal_type": 47, "amount": "630.00", "incremental_amount": false, "age_group": null, "admission_type": null}}, {"model": "mooringlicensing.feeitem", "pk": 175, "fields": {"fee_constructor": 19, "fee_period": 12, "vessel_size_category": 30, "proposal_type": 48, "amount": "630.00", "incremental_amount": false, "age_group": null, "admission_type": null}}, {"model": "mooringlicensing.feeitem", "pk": 176, "fields": {"fee_constructor": 19, "fee_period": 13, "vessel_size_category": 27, "proposal_type": 46, "amount": "138.00", "incremental_amount": false, "age_group": null, "admission_type": null}}, {"model": "mooringlicensing.feeitem", "pk": 177, "fields": {"fee_constructor": 19, "fee_period": 13, "vessel_size_category": 27, "proposal_type": 47, "amount": "138.00", "incremental_amount": false, "age_group": null, "admission_type": null}}, {"model": "mooringlicensing.feeitem", "pk": 179, "fields": {"fee_constructor": 19, "fee_period": 13, "vessel_size_category": 28, "proposal_type": 46, "amount": "157.00", "incremental_amount": false, "age_group": null, "admission_type": null}}, {"model": "mooringlicensing.feeitem", "pk": 180, "fields": {"fee_constructor": 19, "fee_period": 13, "vessel_size_category": 28, "proposal_type": 47, "amount": "157.00", "incremental_amount": false, "age_group": null, "admission_type": null}}, {"model": "mooringlicensing.feeitem", "pk": 182, "fields": {"fee_constructor": 19, "fee_period": 13, "vessel_size_category": 29, "proposal_type": 46, "amount": "189.00", "incremental_amount": false, "age_group": null, "admission_type": null}}, {"model": "mooringlicensing.feeitem", "pk": 183, "fields": {"fee_constructor": 19, "fee_period": 13, "vessel_size_category": 29, "proposal_type": 47, "amount": "189.00", "incremental_amount": false, "age_group": null, "admission_type": null}}, {"model": "mooringlicensing.feeitem", "pk": 185, "fields": {"fee_constructor": 19, "fee_period": 13, "vessel_size_category": 30, "proposal_type": 46, "amount": "315.00", "incremental_amount": false, "age_group": null, "admission_type": null}}, {"model": "mooringlicensing.feeitem", "pk": 186, "fields": {"fee_constructor": 19, "fee_period": 13, "vessel_size_category": 30, "proposal_type": 47, "amount": "315.00", "incremental_amount": false, "age_group": null, "admission_type": null}}, {"model": "mooringlicensing.feeitem", "pk": 188, "fields": {"fee_constructor": 20, "fee_period": 14, "vessel_size_category": 31, "proposal_type": 48, "amount": "0.00", "incremental_amount": false, "age_group": null, "admission_type": null}}, {"model": "mooringlicensing.feeitem", "pk": 189, "fields": {"fee_constructor": 20, "fee_period": 14, "vessel_size_category": 32, "proposal_type": 46, "amount": "57.00", "incremental_amount": true, "age_group": null, "admission_type": null}}, {"model": "mooringlicensing.feeitem", "pk": 190, "fields": {"fee_constructor": 20, "fee_period": 14, "vessel_size_category": 32, "proposal_type": 47, "amount": "57.00", "incremental_amount": true, "age_group": null, "admission_type": null}}, {"model": "mooringlicensing.feeitem", "pk": 191, "fields": {"fee_constructor": 20, "fee_period": 14, "vessel_size_category": 32, "proposal_type": 48, "amount": "57.00", "incremental_amount": true, "age_group": null, "admission_type": null}}, {"model": "mooringlicensing.feeitem", "pk": 192, "fields": {"fee_constructor": 20, "fee_period": 15, "vessel_size_category": 31, "proposal_type": 48, "amount": "0.00", "incremental_amount": false, "age_group": null, "admission_type": null}}, {"model": "mooringlicensing.feeitem", "pk": 193, "fields": {"fee_constructor": 20, "fee_period": 15, "vessel_size_category": 32, "proposal_type": 46, "amount": "28.00", "incremental_amount": true, "age_group": null, "admission_type": null}}, {"model": "mooringlicensing.feeitem", "pk": 194, "fields": {"fee_constructor": 20, "fee_period": 15, "vessel_size_category": 32, "proposal_type": 47, "amount": "28.00", "incremental_amount": true, "age_group": null, "admission_type": null}}, {"model": "mooringlicensing.feeitem", "pk": 204, "fields": {"fee_constructor": 22, "fee_period": 10, "vessel_size_category": 35, "proposal_type": 48, "amount": "1130.00", "incremental_amount": false, "age_group": null, "admission_type": null}}, {"model": "mooringlicensing.feeitem", "pk": 205, "fields": {"fee_constructor": 22, "fee_period": 10, "vessel_size_category": 36, "proposal_type": 46, "amount": "1130.00", "incremental_amount": false, "age_group": null, "admission_type": null}}, {"model": "mooringlicensing.feeitem", "pk": 206, "fields": {"fee_constructor": 22, "fee_period": 10, "vessel_size_category": 36, "proposal_type": 47, "amount": "1130.00", "incremental_amount": false, "age_group": null, "admission_type": null}}, {"model": "mooringlicensing.feeitem", "pk": 207, "fields": {"fee_constructor": 22, "fee_period": 10, "vessel_size_category": 36, "proposal_type": 48, "amount": "1130.00", "incremental_amount": false, "age_group": null, "admission_type": null}}, {"model": "mooringlicensing.feeitem", "pk": 208, "fields": {"fee_constructor": 22, "fee_period": 10, "vessel_size_category": 37, "proposal_type": 46, "amount": "113.00", "incremental_amount": true, "age_group": null, "admission_type": null}}, {"model": "mooringlicensing.feeitem", "pk": 209, "fields": {"fee_constructor": 22, "fee_period": 10, "vessel_size_category": 37, "proposal_type": 47, "amount": "113.00", "incremental_amount": true, "age_group": null, "admission_type": null}}, {"model": "mooringlicensing.feeitem", "pk": 210, "fields": {"fee_constructor": 22, "fee_period": 10, "vessel_size_category": 37, "proposal_type": 48, "amount": "113.00", "incremental_amount": true, "age_group": null, "admission_type": null}}, {"model": "mooringlicensing.feeitem", "pk": 212, "fields": {"fee_constructor": 22, "fee_period": 11, "vessel_size_category": 36, "proposal_type": 46, "amount": "565.00", "incremental_amount": false, "age_group": null, "admission_type": null}}, {"model": "mooringlicensing.feeitem", "pk": 213, "fields": {"fee_constructor": 22, "fee_period": 11, "vessel_size_category": 36, "proposal_type": 47, "amount": "565.00", "incremental_amount": false, "age_group": null, "admission_type": null}}, {"model": "mooringlicensing.feeitem", "pk": 215, "fields": {"fee_constructor": 22, "fee_period": 11, "vessel_size_category": 37, "proposal_type": 46, "amount": "56.00", "incremental_amount": true, "age_group": null, "admission_type": null}}, {"model": "mooringlicensing.feeitem", "pk": 216, "fields": {"fee_constructor": 22, "fee_period": 11, "vessel_size_category": 37, "proposal_type": 47, "amount": "56.00", "incremental_amount": true, "age_group": null, "admission_type": null}}, {"model": "mooringlicensing.feeitem", "pk": 219, "fields": {"fee_constructor": 24, "fee_period": 18, "vessel_size_category": 39, "proposal_type": null, "amount": "114.00", "incremental_amount": false, "age_group": null, "admission_type": null}}, {"model": "mooringlicensing.feeitem", "pk": 220, "fields": {"fee_constructor": 25, "fee_period": 17, "vessel_size_category": 40, "proposal_type": null, "amount": "20.00", "incremental_amount": false, "age_group": 1, "admission_type": 1}}, {"model": "mooringlicensing.feeitem", "pk": 221, "fields": {"fee_constructor": 25, "fee_period": 17, "vessel_size_category": 40, "proposal_type": null, "amount": "26.00", "incremental_amount": false, "age_group": 1, "admission_type": 2}}, {"model": "mooringlicensing.feeitem", "pk": 222, "fields": {"fee_constructor": 25, "fee_period": 17, "vessel_size_category": 40, "proposal_type": null, "amount": "12.00", "incremental_amount": false, "age_group": 1, "admission_type": 3}}, {"model": "mooringlicensing.feeitem", "pk": 223, "fields": {"fee_constructor": 25, "fee_period": 17, "vessel_size_category": 40, "proposal_type": null, "amount": "0.00", "incremental_amount": false, "age_group": 1, "admission_type": 4}}, {"model": "mooringlicensing.feeitem", "pk": 224, "fields": {"fee_constructor": 25, "fee_period": 17, "vessel_size_category": 40, "proposal_type": null, "amount": "7.00", "incremental_amount": false, "age_group": 2, "admission_type": 1}}, {"model": "mooringlicensing.feeitem", "pk": 225, "fields": {"fee_constructor": 25, "fee_period": 17, "vessel_size_category": 40, "proposal_type": null, "amount": "9.00", "incremental_amount": false, "age_group": 2, "admission_type": 2}}, {"model": "mooringlicensing.feeitem", "pk": 226, "fields": {"fee_constructor": 25, "fee_period": 17, "vessel_size_category": 40, "proposal_type": null, "amount": "5.00", "incremental_amount": false, "age_group": 2, "admission_type": 3}}, {"model": "mooringlicensing.feeitem", "pk": 227, "fields": {"fee_constructor": 25, "fee_period": 17, "vessel_size_category": 40, "proposal_type": null, "amount": "0.00", "incremental_amount": false, "age_group": 2, "admission_type": 4}}, {"model": "mooringlicensing.feeitem", "pk": 253, "fields": {"fee_constructor": 58, "fee_period": 57, "vessel_size_category": 25, "proposal_type": 46, "amount": "60.00", "incremental_amount": false, "age_group": null, "admission_type": null}}, {"model": "mooringlicensing.feeitem", "pk": 254, "fields": {"fee_constructor": 58, "fee_period": 57, "vessel_size_category": 25, "proposal_type": 47, "amount": "60.00", "incremental_amount": false, "age_group": null, "admission_type": null}}, {"model": "mooringlicensing.feeitem", "pk": 255, "fields": {"fee_constructor": 58, "fee_period": 57, "vessel_size_category": 25, "proposal_type": 48, "amount": "0.00", "incremental_amount": false, "age_group": null, "admission_type": null}}, {"model": "mooringlicensing.feeitem", "pk": 256, "fields": {"fee_constructor": 59, "fee_period": 53, "vessel_size_category": 27, "proposal_type": 46, "amount": "276.00", "incremental_amount": false, "age_group": null, "admission_type": null}}, {"model": "mooringlicensing.feeitem", "pk": 257, "fields": {"fee_constructor": 59, "fee_period": 53, "vessel_size_category": 27, "proposal_type": 47, "amount": "276.00", "incremental_amount": false, "age_group": null, "admission_type": null}}, {"model": "mooringlicensing.feeitem", "pk": 258, "fields": {"fee_constructor": 59, "fee_period": 53, "vessel_size_category": 27, "proposal_type": 48, "amount": "276.00", "incremental_amount": false, "age_group": null, "admission_type": null}}, {"model": "mooringlicensing.feeitem", "pk": 259, "fields": {"fee_constructor": 59, "fee_period": 53, "vessel_size_category": 28, "proposal_type": 46, "amount": "315.00", "incremental_amount": false, "age_group": null, "admission_type": null}}, {"model": "mooringlicensing.feeitem", "pk": 260, "fields": {"fee_constructor": 59, "fee_period": 53, "vessel_size_category": 28, "proposal_type": 47, "amount": "315.00", "incremental_amount": false, "age_group": null, "admission_type": null}}, {"model": "mooringlicensing.feeitem", "pk": 261, "fields": {"fee_constructor": 59, "fee_period": 53, "vessel_size_category": 28, "proposal_type": 48, "amount": "315.00", "incremental_amount": false, "age_group": null, "admission_type": null}}, {"model": "mooringlicensing.feeitem", "pk": 262, "fields": {"fee_constructor": 59, "fee_period": 53, "vessel_size_category": 29, "proposal_type": 46, "amount": "379.00", "incremental_amount": false, "age_group": null, "admission_type": null}}, {"model": "mooringlicensing.feeitem", "pk": 263, "fields": {"fee_constructor": 59, "fee_period": 53, "vessel_size_category": 29, "proposal_type": 47, "amount": "379.00", "incremental_amount": false, "age_group": null, "admission_type": null}}, {"model": "mooringlicensing.feeitem", "pk": 264, "fields": {"fee_constructor": 59, "fee_period": 53, "vessel_size_category": 29, "proposal_type": 48, "amount": "379.00", "incremental_amount": false, "age_group": null, "admission_type": null}}, {"model": "mooringlicensing.feeitem", "pk": 265, "fields": {"fee_constructor": 59, "fee_period": 53, "vessel_size_category": 30, "proposal_type": 46, "amount": "630.00", "incremental_amount": false, "age_group": null, "admission_type": null}}, {"model": "mooringlicensing.feeitem", "pk": 266, "fields": {"fee_constructor": 59, "fee_period": 53, "vessel_size_category": 30, "proposal_type": 47, "amount": "630.00", "incremental_amount": false, "age_group": null, "admission_type": null}}, {"model": "mooringlicensing.feeitem", "pk": 267, "fields": {"fee_constructor": 59, "fee_period": 53, "vessel_size_category": 30, "proposal_type": 48, "amount": "630.00", "incremental_amount": false, "age_group": null, "admission_type": null}}, {"model": "mooringlicensing.feeitem", "pk": 268, "fields": {"fee_constructor": 59, "fee_period": 54, "vessel_size_category": 27, "proposal_type": 46, "amount": "138.00", "incremental_amount": false, "age_group": null, "admission_type": null}}, {"model": "mooringlicensing.feeitem", "pk": 269, "fields": {"fee_constructor": 59, "fee_period": 54, "vessel_size_category": 27, "proposal_type": 47, "amount": "138.00", "incremental_amount": false, "age_group": null, "admission_type": null}}, {"model": "mooringlicensing.feeitem", "pk": 271, "fields": {"fee_constructor": 59, "fee_period": 54, "vessel_size_category": 28, "proposal_type": 46, "amount": "157.00", "incremental_amount": false, "age_group": null, "admission_type": null}}, {"model": "mooringlicensing.feeitem", "pk": 272, "fields": {"fee_constructor": 59, "fee_period": 54, "vessel_size_category": 28, "proposal_type": 47, "amount": "157.00", "incremental_amount": false, "age_group": null, "admission_type": null}}, {"model": "mooringlicensing.feeitem", "pk": 274, "fields": {"fee_constructor": 59, "fee_period": 54, "vessel_size_category": 29, "proposal_type": 46, "amount": "189.00", "incremental_amount": false, "age_group": null, "admission_type": null}}, {"model": "mooringlicensing.feeitem", "pk": 275, "fields": {"fee_constructor": 59, "fee_period": 54, "vessel_size_category": 29, "proposal_type": 47, "amount": "189.00", "incremental_amount": false, "age_group": null, "admission_type": null}}, {"model": "mooringlicensing.feeitem", "pk": 277, "fields": {"fee_constructor": 59, "fee_period": 54, "vessel_size_category": 30, "proposal_type": 46, "amount": "315.00", "incremental_amount": false, "age_group": null, "admission_type": null}}, {"model": "mooringlicensing.feeitem", "pk": 278, "fields": {"fee_constructor": 59, "fee_period": 54, "vessel_size_category": 30, "proposal_type": 47, "amount": "315.00", "incremental_amount": false, "age_group": null, "admission_type": null}}, {"model": "mooringlicensing.feeitem", "pk": 280, "fields": {"fee_constructor": 60, "fee_period": 55, "vessel_size_category": 31, "proposal_type": 48, "amount": "0.00", "incremental_amount": false, "age_group": null, "admission_type": null}}, {"model": "mooringlicensing.feeitem", "pk": 281, "fields": {"fee_constructor": 60, "fee_period": 55, "vessel_size_category": 32, "proposal_type": 46, "amount": "57.00", "incremental_amount": true, "age_group": null, "admission_type": null}}, {"model": "mooringlicensing.feeitem", "pk": 282, "fields": {"fee_constructor": 60, "fee_period": 55, "vessel_size_category": 32, "proposal_type": 47, "amount": "57.00", "incremental_amount": true, "age_group": null, "admission_type": null}}, {"model": "mooringlicensing.feeitem", "pk": 283, "fields": {"fee_constructor": 60, "fee_period": 55, "vessel_size_category": 32, "proposal_type": 48, "amount": "57.00", "incremental_amount": true, "age_group": null, "admission_type": null}}, {"model": "mooringlicensing.feeitem", "pk": 284, "fields": {"fee_constructor": 60, "fee_period": 56, "vessel_size_category": 31, "proposal_type": 48, "amount": "0.00", "incremental_amount": false, "age_group": null, "admission_type": null}}, {"model": "mooringlicensing.feeitem", "pk": 285, "fields": {"fee_constructor": 60, "fee_period": 56, "vessel_size_category": 32, "proposal_type": 46, "amount": "28.00", "incremental_amount": true, "age_group": null, "admission_type": null}}, {"model": "mooringlicensing.feeitem", "pk": 286, "fields": {"fee_constructor": 60, "fee_period": 56, "vessel_size_category": 32, "proposal_type": 47, "amount": "28.00", "incremental_amount": true, "age_group": null, "admission_type": null}}, {"model": "mooringlicensing.feeitem", "pk": 288, "fields": {"fee_constructor": 61, "fee_period": 51, "vessel_size_category": 35, "proposal_type": 48, "amount": "1130.00", "incremental_amount": false, "age_group": null, "admission_type": null}}, {"model": "mooringlicensing.feeitem", "pk": 289, "fields": {"fee_constructor": 61, "fee_period": 51, "vessel_size_category": 36, "proposal_type": 46, "amount": "1130.00", "incremental_amount": false, "age_group": null, "admission_type": null}}, {"model": "mooringlicensing.feeitem", "pk": 290, "fields": {"fee_constructor": 61, "fee_period": 51, "vessel_size_category": 36, "proposal_type": 47, "amount": "1130.00", "incremental_amount": false, "age_group": null, "admission_type": null}}, {"model": "mooringlicensing.feeitem", "pk": 291, "fields": {"fee_constructor": 61, "fee_period": 51, "vessel_size_category": 36, "proposal_type": 48, "amount": "1130.00", "incremental_amount": false, "age_group": null, "admission_type": null}}, {"model": "mooringlicensing.feeitem", "pk": 292, "fields": {"fee_constructor": 61, "fee_period": 51, "vessel_size_category": 37, "proposal_type": 46, "amount": "113.00", "incremental_amount": true, "age_group": null, "admission_type": null}}, {"model": "mooringlicensing.feeitem", "pk": 293, "fields": {"fee_constructor": 61, "fee_period": 51, "vessel_size_category": 37, "proposal_type": 47, "amount": "113.00", "incremental_amount": true, "age_group": null, "admission_type": null}}, {"model": "mooringlicensing.feeitem", "pk": 294, "fields": {"fee_constructor": 61, "fee_period": 51, "vessel_size_category": 37, "proposal_type": 48, "amount": "113.00", "incremental_amount": true, "age_group": null, "admission_type": null}}, {"model": "mooringlicensing.feeitem", "pk": 296, "fields": {"fee_constructor": 61, "fee_period": 52, "vessel_size_category": 36, "proposal_type": 46, "amount": "565.00", "incremental_amount": false, "age_group": null, "admission_type": null}}, {"model": "mooringlicensing.feeitem", "pk": 297, "fields": {"fee_constructor": 61, "fee_period": 52, "vessel_size_category": 36, "proposal_type": 47, "amount": "565.00", "incremental_amount": false, "age_group": null, "admission_type": null}}, {"model": "mooringlicensing.feeitem", "pk": 299, "fields": {"fee_constructor": 61, "fee_period": 52, "vessel_size_category": 37, "proposal_type": 46, "amount": "56.00", "incremental_amount": true, "age_group": null, "admission_type": null}}, {"model": "mooringlicensing.feeitem", "pk": 300, "fields": {"fee_constructor": 61, "fee_period": 52, "vessel_size_category": 37, "proposal_type": 47, "amount": "56.00", "incremental_amount": true, "age_group": null, "admission_type": null}}, {"model": "mooringlicensing.feeitem", "pk": 302, "fields": {"fee_constructor": 62, "fee_period": 59, "vessel_size_category": 39, "proposal_type": null, "amount": "114.00", "incremental_amount": false, "age_group": null, "admission_type": null}}, {"model": "mooringlicensing.feeitem", "pk": 303, "fields": {"fee_constructor": 63, "fee_period": 58, "vessel_size_category": 40, "proposal_type": null, "amount": "20.00", "incremental_amount": false, "age_group": 1, "admission_type": 1}}, {"model": "mooringlicensing.feeitem", "pk": 304, "fields": {"fee_constructor": 63, "fee_period": 58, "vessel_size_category": 40, "proposal_type": null, "amount": "26.00", "incremental_amount": false, "age_group": 1, "admission_type": 2}}, {"model": "mooringlicensing.feeitem", "pk": 305, "fields": {"fee_constructor": 63, "fee_period": 58, "vessel_size_category": 40, "proposal_type": null, "amount": "12.00", "incremental_amount": false, "age_group": 1, "admission_type": 3}}, {"model": "mooringlicensing.feeitem", "pk": 306, "fields": {"fee_constructor": 63, "fee_period": 58, "vessel_size_category": 40, "proposal_type": null, "amount": "0.00", "incremental_amount": false, "age_group": 1, "admission_type": 4}}, {"model": "mooringlicensing.feeitem", "pk": 307, "fields": {"fee_constructor": 63, "fee_period": 58, "vessel_size_category": 40, "proposal_type": null, "amount": "7.00", "incremental_amount": false, "age_group": 2, "admission_type": 1}}, {"model": "mooringlicensing.feeitem", "pk": 308, "fields": {"fee_constructor": 63, "fee_period": 58, "vessel_size_category": 40, "proposal_type": null, "amount": "9.00", "incremental_amount": false, "age_group": 2, "admission_type": 2}}, {"model": "mooringlicensing.feeitem", "pk": 309, "fields": {"fee_constructor": 63, "fee_period": 58, "vessel_size_category": 40, "proposal_type": null, "amount": "5.00", "incremental_amount": false, "age_group": 2, "admission_type": 3}}, {"model": "mooringlicensing.feeitem", "pk": 310, "fields": {"fee_constructor": 63, "fee_period": 58, "vessel_size_category": 40, "proposal_type": null, "amount": "0.00", "incremental_amount": false, "age_group": 2, "admission_type": 4}}, {"model": "mooringlicensing.feeitem", "pk": 311, "fields": {"fee_constructor": null, "fee_period": 57, "vessel_size_category": 25, "proposal_type": 46, "amount": "0.00", "incremental_amount": false, "age_group": null, "admission_type": null}}, {"model": "mooringlicensing.feeitem", "pk": 312, "fields": {"fee_constructor": null, "fee_period": 57, "vessel_size_category": 25, "proposal_type": 47, "amount": "0.00", "incremental_amount": false, "age_group": null, "admission_type": null}}, {"model": "mooringlicensing.feeitem", "pk": 313, "fields": {"fee_constructor": null, "fee_period": 57, "vessel_size_category": 25, "proposal_type": 48, "amount": "0.00", "incremental_amount": false, "age_group": null, "admission_type": null}}, {"model": "mooringlicensing.feeitem", "pk": 314, "fields": {"fee_constructor": 18, "fee_period": 16, "vessel_size_category": 26, "proposal_type": 47, "amount": "0.00", "incremental_amount": false, "age_group": null, "admission_type": null}}, {"model": "mooringlicensing.feeitem", "pk": 315, "fields": {"fee_constructor": 18, "fee_period": 16, "vessel_size_category": 26, "proposal_type": 48, "amount": "0.00", "incremental_amount": false, "age_group": null, "admission_type": null}}, {"model": "mooringlicensing.feeitem", "pk": 316, "fields": {"fee_constructor": 58, "fee_period": 57, "vessel_size_category": 26, "proposal_type": 47, "amount": "0.00", "incremental_amount": false, "age_group": null, "admission_type": null}}, {"model": "mooringlicensing.feeitem", "pk": 317, "fields": {"fee_constructor": 58, "fee_period": 57, "vessel_size_category": 26, "proposal_type": 48, "amount": "0.00", "incremental_amount": false, "age_group": null, "admission_type": null}}, {"model": "mooringlicensing.feeitem", "pk": 318, "fields": {"fee_constructor": 61, "fee_period": 51, "vessel_size_category": 35, "proposal_type": 47, "amount": "0.00", "incremental_amount": false, "age_group": null, "admission_type": null}}, {"model": "mooringlicensing.feeitem", "pk": 319, "fields": {"fee_constructor": 61, "fee_period": 52, "vessel_size_category": 35, "proposal_type": 47, "amount": "0.00", "incremental_amount": false, "age_group": null, "admission_type": null}}, {"model": "mooringlicensing.feeitem", "pk": 320, "fields": {"fee_constructor": 65, "fee_period": 60, "vessel_size_category": 25, "proposal_type": 46, "amount": "60.00", "incremental_amount": false, "age_group": null, "admission_type": null}}, {"model": "mooringlicensing.feeitem", "pk": 321, "fields": {"fee_constructor": 65, "fee_period": 60, "vessel_size_category": 25, "proposal_type": 47, "amount": "60.00", "incremental_amount": false, "age_group": null, "admission_type": null}}, {"model": "mooringlicensing.feeitem", "pk": 322, "fields": {"fee_constructor": 65, "fee_period": 60, "vessel_size_category": 25, "proposal_type": 48, "amount": "0.00", "incremental_amount": false, "age_group": null, "admission_type": null}}, {"model": "mooringlicensing.feeitem", "pk": 323, "fields": {"fee_constructor": 65, "fee_period": 60, "vessel_size_category": 26, "proposal_type": 47, "amount": "0.00", "incremental_amount": false, "age_group": null, "admission_type": null}}, {"model": "mooringlicensing.feeitem", "pk": 324, "fields": {"fee_constructor": 65, "fee_period": 60, "vessel_size_category": 26, "proposal_type": 48, "amount": "0.00", "incremental_amount": false, "age_group": null, "admission_type": null}}, {"model": "mooringlicensing.feeitem", "pk": 325, "fields": {"fee_constructor": 66, "fee_period": 61, "vessel_size_category": 27, "proposal_type": 46, "amount": "276.00", "incremental_amount": false, "age_group": null, "admission_type": null}}, {"model": "mooringlicensing.feeitem", "pk": 326, "fields": {"fee_constructor": 66, "fee_period": 61, "vessel_size_category": 27, "proposal_type": 47, "amount": "276.00", "incremental_amount": false, "age_group": null, "admission_type": null}}, {"model": "mooringlicensing.feeitem", "pk": 327, "fields": {"fee_constructor": 66, "fee_period": 61, "vessel_size_category": 27, "proposal_type": 48, "amount": "276.00", "incremental_amount": false, "age_group": null, "admission_type": null}}, {"model": "mooringlicensing.feeitem", "pk": 328, "fields": {"fee_constructor": 66, "fee_period": 61, "vessel_size_category": 28, "proposal_type": 46, "amount": "315.00", "incremental_amount": false, "age_group": null, "admission_type": null}}, {"model": "mooringlicensing.feeitem", "pk": 329, "fields": {"fee_constructor": 66, "fee_period": 61, "vessel_size_category": 28, "proposal_type": 47, "amount": "315.00", "incremental_amount": false, "age_group": null, "admission_type": null}}, {"model": "mooringlicensing.feeitem", "pk": 330, "fields": {"fee_constructor": 66, "fee_period": 61, "vessel_size_category": 28, "proposal_type": 48, "amount": "315.00", "incremental_amount": false, "age_group": null, "admission_type": null}}, {"model": "mooringlicensing.feeitem", "pk": 331, "fields": {"fee_constructor": 66, "fee_period": 61, "vessel_size_category": 29, "proposal_type": 46, "amount": "379.00", "incremental_amount": false, "age_group": null, "admission_type": null}}, {"model": "mooringlicensing.feeitem", "pk": 332, "fields": {"fee_constructor": 66, "fee_period": 61, "vessel_size_category": 29, "proposal_type": 47, "amount": "379.00", "incremental_amount": false, "age_group": null, "admission_type": null}}, {"model": "mooringlicensing.feeitem", "pk": 333, "fields": {"fee_constructor": 66, "fee_period": 61, "vessel_size_category": 29, "proposal_type": 48, "amount": "379.00", "incremental_amount": false, "age_group": null, "admission_type": null}}, {"model": "mooringlicensing.feeitem", "pk": 334, "fields": {"fee_constructor": 66, "fee_period": 61, "vessel_size_category": 30, "proposal_type": 46, "amount": "630.00", "incremental_amount": false, "age_group": null, "admission_type": null}}, {"model": "mooringlicensing.feeitem", "pk": 335, "fields": {"fee_constructor": 66, "fee_period": 61, "vessel_size_category": 30, "proposal_type": 47, "amount": "630.00", "incremental_amount": false, "age_group": null, "admission_type": null}}, {"model": "mooringlicensing.feeitem", "pk": 336, "fields": {"fee_constructor": 66, "fee_period": 61, "vessel_size_category": 30, "proposal_type": 48, "amount": "630.00", "incremental_amount": false, "age_group": null, "admission_type": null}}, {"model": "mooringlicensing.feeitem", "pk": 337, "fields": {"fee_constructor": 66, "fee_period": 62, "vessel_size_category": 27, "proposal_type": 46, "amount": "138.00", "incremental_amount": false, "age_group": null, "admission_type": null}}, {"model": "mooringlicensing.feeitem", "pk": 338, "fields": {"fee_constructor": 66, "fee_period": 62, "vessel_size_category": 27, "proposal_type": 47, "amount": "138.00", "incremental_amount": false, "age_group": null, "admission_type": null}}, {"model": "mooringlicensing.feeitem", "pk": 340, "fields": {"fee_constructor": 66, "fee_period": 62, "vessel_size_category": 28, "proposal_type": 46, "amount": "157.00", "incremental_amount": false, "age_group": null, "admission_type": null}}, {"model": "mooringlicensing.feeitem", "pk": 341, "fields": {"fee_constructor": 66, "fee_period": 62, "vessel_size_category": 28, "proposal_type": 47, "amount": "157.00", "incremental_amount": false, "age_group": null, "admission_type": null}}, {"model": "mooringlicensing.feeitem", "pk": 343, "fields": {"fee_constructor": 66, "fee_period": 62, "vessel_size_category": 29, "proposal_type": 46, "amount": "189.00", "incremental_amount": false, "age_group": null, "admission_type": null}}, {"model": "mooringlicensing.feeitem", "pk": 344, "fields": {"fee_constructor": 66, "fee_period": 62, "vessel_size_category": 29, "proposal_type": 47, "amount": "189.00", "incremental_amount": false, "age_group": null, "admission_type": null}}, {"model": "mooringlicensing.feeitem", "pk": 346, "fields": {"fee_constructor": 66, "fee_period": 62, "vessel_size_category": 30, "proposal_type": 46, "amount": "315.00", "incremental_amount": false, "age_group": null, "admission_type": null}}, {"model": "mooringlicensing.feeitem", "pk": 347, "fields": {"fee_constructor": 66, "fee_period": 62, "vessel_size_category": 30, "proposal_type": 47, "amount": "315.00", "incremental_amount": false, "age_group": null, "admission_type": null}}, {"model": "mooringlicensing.feeitem", "pk": 349, "fields": {"fee_constructor": 67, "fee_period": 63, "vessel_size_category": 32, "proposal_type": 46, "amount": "57.00", "incremental_amount": true, "age_group": null, "admission_type": null}}, {"model": "mooringlicensing.feeitem", "pk": 350, "fields": {"fee_constructor": 67, "fee_period": 63, "vessel_size_category": 32, "proposal_type": 47, "amount": "57.00", "incremental_amount": true, "age_group": null, "admission_type": null}}, {"model": "mooringlicensing.feeitem", "pk": 351, "fields": {"fee_constructor": 67, "fee_period": 63, "vessel_size_category": 32, "proposal_type": 48, "amount": "57.00", "incremental_amount": true, "age_group": null, "admission_type": null}}, {"model": "mooringlicensing.feeitem", "pk": 352, "fields": {"fee_constructor": 67, "fee_period": 64, "vessel_size_category": 32, "proposal_type": 46, "amount": "28.00", "incremental_amount": true, "age_group": null, "admission_type": null}}, {"model": "mooringlicensing.feeitem", "pk": 353, "fields": {"fee_constructor": 67, "fee_period": 64, "vessel_size_category": 32, "proposal_type": 47, "amount": "28.00", "incremental_amount": true, "age_group": null, "admission_type": null}}, {"model": "mooringlicensing.feeitem", "pk": 355, "fields": {"fee_constructor": 68, "fee_period": 65, "vessel_size_category": 35, "proposal_type": 47, "amount": "0.00", "incremental_amount": false, "age_group": null, "admission_type": null}}, {"model": "mooringlicensing.feeitem", "pk": 356, "fields": {"fee_constructor": 68, "fee_period": 65, "vessel_size_category": 35, "proposal_type": 48, "amount": "1130.00", "incremental_amount": false, "age_group": null, "admission_type": null}}, {"model": "mooringlicensing.feeitem", "pk": 357, "fields": {"fee_constructor": 68, "fee_period": 65, "vessel_size_category": 36, "proposal_type": 46, "amount": "1130.00", "incremental_amount": false, "age_group": null, "admission_type": null}}, {"model": "mooringlicensing.feeitem", "pk": 358, "fields": {"fee_constructor": 68, "fee_period": 65, "vessel_size_category": 36, "proposal_type": 47, "amount": "1130.00", "incremental_amount": false, "age_group": null, "admission_type": null}}, {"model": "mooringlicensing.feeitem", "pk": 359, "fields": {"fee_constructor": 68, "fee_period": 65, "vessel_size_category": 36, "proposal_type": 48, "amount": "1130.00", "incremental_amount": false, "age_group": null, "admission_type": null}}, {"model": "mooringlicensing.feeitem", "pk": 360, "fields": {"fee_constructor": 68, "fee_period": 65, "vessel_size_category": 37, "proposal_type": 46, "amount": "112.99", "incremental_amount": true, "age_group": null, "admission_type": null}}, {"model": "mooringlicensing.feeitem", "pk": 361, "fields": {"fee_constructor": 68, "fee_period": 65, "vessel_size_category": 37, "proposal_type": 47, "amount": "113.00", "incremental_amount": true, "age_group": null, "admission_type": null}}, {"model": "mooringlicensing.feeitem", "pk": 362, "fields": {"fee_constructor": 68, "fee_period": 65, "vessel_size_category": 37, "proposal_type": 48, "amount": "113.00", "incremental_amount": true, "age_group": null, "admission_type": null}}, {"model": "mooringlicensing.feeitem", "pk": 363, "fields": {"fee_constructor": 68, "fee_period": 66, "vessel_size_category": 35, "proposal_type": 47, "amount": "0.00", "incremental_amount": false, "age_group": null, "admission_type": null}}, {"model": "mooringlicensing.feeitem", "pk": 365, "fields": {"fee_constructor": 68, "fee_period": 66, "vessel_size_category": 36, "proposal_type": 46, "amount": "565.00", "incremental_amount": false, "age_group": null, "admission_type": null}}, {"model": "mooringlicensing.feeitem", "pk": 366, "fields": {"fee_constructor": 68, "fee_period": 66, "vessel_size_category": 36, "proposal_type": 47, "amount": "565.00", "incremental_amount": false, "age_group": null, "admission_type": null}}, {"model": "mooringlicensing.feeitem", "pk": 368, "fields": {"fee_constructor": 68, "fee_period": 66, "vessel_size_category": 37, "proposal_type": 46, "amount": "56.00", "incremental_amount": true, "age_group": null, "admission_type": null}}, {"model": "mooringlicensing.feeitem", "pk": 369, "fields": {"fee_constructor": 68, "fee_period": 66, "vessel_size_category": 37, "proposal_type": 47, "amount": "56.00", "incremental_amount": true, "age_group": null, "admission_type": null}}, {"model": "mooringlicensing.feeitem", "pk": 371, "fields": {"fee_constructor": 69, "fee_period": 67, "vessel_size_category": 39, "proposal_type": null, "amount": "114.00", "incremental_amount": false, "age_group": null, "admission_type": null}}, {"model": "mooringlicensing.feeitem", "pk": 372, "fields": {"fee_constructor": 70, "fee_period": 68, "vessel_size_category": 40, "proposal_type": null, "amount": "20.00", "incremental_amount": false, "age_group": 1, "admission_type": 1}}, {"model": "mooringlicensing.feeitem", "pk": 373, "fields": {"fee_constructor": 70, "fee_period": 68, "vessel_size_category": 40, "proposal_type": null, "amount": "26.00", "incremental_amount": false, "age_group": 1, "admission_type": 2}}, {"model": "mooringlicensing.feeitem", "pk": 374, "fields": {"fee_constructor": 70, "fee_period": 68, "vessel_size_category": 40, "proposal_type": null, "amount": "12.00", "incremental_amount": false, "age_group": 1, "admission_type": 3}}, {"model": "mooringlicensing.feeitem", "pk": 375, "fields": {"fee_constructor": 70, "fee_period": 68, "vessel_size_category": 40, "proposal_type": null, "amount": "0.00", "incremental_amount": false, "age_group": 1, "admission_type": 4}}, {"model": "mooringlicensing.feeitem", "pk": 376, "fields": {"fee_constructor": 70, "fee_period": 68, "vessel_size_category": 40, "proposal_type": null, "amount": "7.00", "incremental_amount": false, "age_group": 2, "admission_type": 1}}, {"model": "mooringlicensing.feeitem", "pk": 377, "fields": {"fee_constructor": 70, "fee_period": 68, "vessel_size_category": 40, "proposal_type": null, "amount": "9.00", "incremental_amount": false, "age_group": 2, "admission_type": 2}}, {"model": "mooringlicensing.feeitem", "pk": 378, "fields": {"fee_constructor": 70, "fee_period": 68, "vessel_size_category": 40, "proposal_type": null, "amount": "5.00", "incremental_amount": false, "age_group": 2, "admission_type": 3}}, {"model": "mooringlicensing.feeitem", "pk": 379, "fields": {"fee_constructor": 70, "fee_period": 68, "vessel_size_category": 40, "proposal_type": null, "amount": "0.00", "incremental_amount": false, "age_group": 2, "admission_type": 4}}, {"model": "mooringlicensing.feeitem", "pk": 380, "fields": {"fee_constructor": 68, "fee_period": 66, "vessel_size_category": 35, "proposal_type": 48, "amount": "0.00", "incremental_amount": false, "age_group": null, "admission_type": null}}, {"model": "mooringlicensing.feeitem", "pk": 381, "fields": {"fee_constructor": 68, "fee_period": 66, "vessel_size_category": 36, "proposal_type": 48, "amount": "0.00", "incremental_amount": false, "age_group": null, "admission_type": null}}, {"model": "mooringlicensing.feeitem", "pk": 382, "fields": {"fee_constructor": 68, "fee_period": 66, "vessel_size_category": 37, "proposal_type": 48, "amount": "0.00", "incremental_amount": false, "age_group": null, "admission_type": null}}, {"model": "mooringlicensing.feeitem", "pk": 413, "fields": {"fee_constructor": 18, "fee_period": 16, "vessel_size_category": 25, "proposal_type": 34, "amount": "0.00", "incremental_amount": false, "age_group": null, "admission_type": null}}, {"model": "mooringlicensing.feeitem", "pk": 414, "fields": {"fee_constructor": 18, "fee_period": 16, "vessel_size_category": 26, "proposal_type": 34, "amount": "0.00", "incremental_amount": false, "age_group": null, "admission_type": null}}, {"model": "mooringlicensing.feeitem", "pk": 415, "fields": {"fee_constructor": 65, "fee_period": 60, "vessel_size_category": 25, "proposal_type": 34, "amount": "0.00", "incremental_amount": false, "age_group": null, "admission_type": null}}, {"model": "mooringlicensing.feeitem", "pk": 416, "fields": {"fee_constructor": 65, "fee_period": 60, "vessel_size_category": 26, "proposal_type": 34, "amount": "0.00", "incremental_amount": false, "age_group": null, "admission_type": null}}]
